Position,Name + ID,Name,ID,Roster Position,Salary,Game Info,TeamAbbrev,AvgPointsPerGame
PF/C,Giannis Antetokounmpo (21590787),Giannis Antetokounmpo,21590787,PF/C/F/UTIL,12000,MIL@OKC 03/08/2022 08:00PM ET,MIL,57.79
SF/PF,Kevin Durant (21590791),Kevin Durant,21590791,SF/PF/F/UTIL,11100,BKN@CHA 03/08/2022 07:00PM ET,BKN,50.74
PG,Stephen Curry (21590795),Stephen Curry,21590795,PG/G/UTIL,11000,LAC@GSW 03/08/2022 10:00PM ET,GSW,46.49
PG,Ja Morant (21590798),Ja Morant,21590798,PG/G/UTIL,10700,NOP@MEM 03/08/2022 07:30PM ET,MEM,47.31
PG,Shai Gilgeous-Alexander (21590801),Shai Gilgeous-Alexander,21590801,PG/G/UTIL,10600,MIL@OKC 03/08/2022 08:00PM ET,OKC,42.26
PG/SG,Kyrie Irving (21590804),Kyrie Irving,21590804,PG/SG/G/UTIL,10000,BKN@CHA 03/08/2022 07:00PM ET,BKN,42.41
PF,Kawhi Leonard (21590808),Kawhi Leonard,21590808,PF/F/UTIL,9800,LAC@GSW 03/08/2022 10:00PM ET,LAC,0
PG/SG,CJ McCollum (21590811),CJ McCollum,21590811,PG/SG/G/UTIL,9100,NOP@MEM 03/08/2022 07:30PM ET,NOP,38.41
SG,Paul George (21590815),Paul George,21590815,SG/G/UTIL,9000,LAC@GSW 03/08/2022 10:00PM ET,LAC,46.18
PG,Darius Garland (21590818),Darius Garland,21590818,PG/G/UTIL,9000,CLE@IND 03/08/2022 07:00PM ET,CLE,39.58
PG/SG,Devin Booker (21590821),Devin Booker,21590821,PG/SG/G/UTIL,8900,PHX@ORL 03/08/2022 07:00PM ET,PHX,42.34
PG/SG,Tyrese Haliburton (21590825),Tyrese Haliburton,21590825,PG/SG/G/UTIL,8800,CLE@IND 03/08/2022 07:00PM ET,IND,36.80
PG,LaMelo Ball (21590829),LaMelo Ball,21590829,PG/G/UTIL,8700,BKN@CHA 03/08/2022 07:00PM ET,CHA,43.69
PG,Reggie Jackson (21590832),Reggie Jackson,21590832,PG/G/UTIL,8600,LAC@GSW 03/08/2022 10:00PM ET,LAC,30.44
SG/SF,Brandon Ingram (21590835),Brandon Ingram,21590835,SG/SF/F/G/UTIL,8500,NOP@MEM 03/08/2022 07:30PM ET,NOP,40.02
PG,Ben Simmons (21590840),Ben Simmons,21590840,PG/G/UTIL,8400,BKN@CHA 03/08/2022 07:00PM ET,BKN,0
PG,Chris Paul (21590843),Chris Paul,21590843,PG/G/UTIL,8300,PHX@ORL 03/08/2022 07:00PM ET,PHX,41.10
PG/SG,Terry Rozier (21590846),Terry Rozier,21590846,PG/SG/G/UTIL,8200,BKN@CHA 03/08/2022 07:00PM ET,CHA,35.58
C,Zion Williamson (21590850),Zion Williamson,21590850,C/UTIL,8100,NOP@MEM 03/08/2022 07:30PM ET,NOP,0
PG/SG,Josh Giddey (21590852),Josh Giddey,21590852,PG/SG/G/UTIL,8000,MIL@OKC 03/08/2022 08:00PM ET,OKC,34.04
SF/PF,Miles Bridges (21590856),Miles Bridges,21590856,SF/PF/F/UTIL,7900,BKN@CHA 03/08/2022 07:00PM ET,CHA,38.23
PG,Malcolm Brogdon (21590860),Malcolm Brogdon,21590860,PG/G/UTIL,7800,CLE@IND 03/08/2022 07:00PM ET,IND,37.32
PF/C,Wendell Carter Jr. (21590863),Wendell Carter Jr.,21590863,PF/C/F/UTIL,7700,PHX@ORL 03/08/2022 07:00PM ET,ORL,34.41
C,Jarrett Allen (21590867),Jarrett Allen,21590867,C/UTIL,7600,CLE@IND 03/08/2022 07:00PM ET,CLE,36.32
PG,Jrue Holiday (21590869),Jrue Holiday,21590869,PG/G/UTIL,7600,MIL@OKC 03/08/2022 08:00PM ET,MIL,38.33
C,Jonas Valanciunas (21590872),Jonas Valanciunas,21590872,C/UTIL,7500,NOP@MEM 03/08/2022 07:30PM ET,NOP,38.83
SG/SF,Khris Middleton (21590874),Khris Middleton,21590874,SG/SF/F/G/UTIL,7400,MIL@OKC 03/08/2022 08:00PM ET,MIL,37.37
SG/SF,Buddy Hield (21590879),Buddy Hield,21590879,SG/SF/F/G/UTIL,7300,CLE@IND 03/08/2022 07:00PM ET,IND,27.38
PG/SG,Caris LeVert (21590884),Caris LeVert,21590884,PG/SG/G/UTIL,7200,CLE@IND 03/08/2022 07:00PM ET,CLE,31.90
PF/C,Evan Mobley (21590888),Evan Mobley,21590888,PF/C/F/UTIL,7000,CLE@IND 03/08/2022 07:00PM ET,CLE,33.19
C,Ivica Zubac (21590892),Ivica Zubac,21590892,C/UTIL,6900,LAC@GSW 03/08/2022 10:00PM ET,LAC,25.05
PF/C,Jaren Jackson Jr. (21590897),Jaren Jackson Jr.,21590897,PF/C/F/UTIL,6800,NOP@MEM 03/08/2022 07:30PM ET,MEM,31.76
PG,Cole Anthony (21590894),Cole Anthony,21590894,PG/G/UTIL,6800,PHX@ORL 03/08/2022 07:00PM ET,ORL,35.26
SG/SF,Klay Thompson (21590901),Klay Thompson,21590901,SG/SF/F/G/UTIL,6700,LAC@GSW 03/08/2022 10:00PM ET,GSW,28.87
C,Deandre Ayton (21590906),Deandre Ayton,21590906,C/UTIL,6600,PHX@ORL 03/08/2022 07:00PM ET,PHX,34.03
SG/SF,Desmond Bane (21590908),Desmond Bane,21590908,SG/SF/F/G/UTIL,6500,NOP@MEM 03/08/2022 07:30PM ET,MEM,30.92
SF/PF,Andrew Wiggins (21590913),Andrew Wiggins,21590913,SF/PF/F/UTIL,6400,LAC@GSW 03/08/2022 10:00PM ET,GSW,30.11
C,Steven Adams (21590917),Steven Adams,21590917,C/UTIL,6300,NOP@MEM 03/08/2022 07:30PM ET,MEM,27.21
PG,Norman Powell (21590925),Norman Powell,21590925,PG/G/UTIL,6200,LAC@GSW 03/08/2022 10:00PM ET,LAC,29.37
SF/PF,Luguentz Dort (21590919),Luguentz Dort,21590919,SF/PF/F/UTIL,6200,MIL@OKC 03/08/2022 08:00PM ET,OKC,27.90
C,Bobby Portis (21590923),Bobby Portis,21590923,C/UTIL,6200,MIL@OKC 03/08/2022 08:00PM ET,MIL,32.57
SG/SF,Mikal Bridges (21590928),Mikal Bridges,21590928,SG/SF/F/G/UTIL,6200,PHX@ORL 03/08/2022 07:00PM ET,PHX,25.81
SF/PF,Marcus Morris Sr. (21590933),Marcus Morris Sr.,21590933,SF/PF/F/UTIL,6100,LAC@GSW 03/08/2022 10:00PM ET,LAC,26.54
C,Draymond Green (21590937),Draymond Green,21590937,C/UTIL,6000,LAC@GSW 03/08/2022 10:00PM ET,GSW,32.38
SG/SF,Terance Mann (21590942),Terance Mann,21590942,SG/SF/F/G/UTIL,6000,LAC@GSW 03/08/2022 10:00PM ET,LAC,22.96
SF,Franz Wagner (21590939),Franz Wagner,21590939,SF/F/UTIL,6000,PHX@ORL 03/08/2022 07:00PM ET,ORL,28.59
SG/SF,Kelly Oubre Jr. (21590947),Kelly Oubre Jr.,21590947,SG/SF/F/G/UTIL,5900,BKN@CHA 03/08/2022 07:00PM ET,CHA,27.37
C,Andre Drummond (21590960),Andre Drummond,21590960,C/UTIL,5800,BKN@CHA 03/08/2022 07:00PM ET,BKN,23.95
PF/C,Kevin Love (21590952),Kevin Love,21590952,PF/C/F/UTIL,5800,CLE@IND 03/08/2022 07:00PM ET,CLE,28.27
PG/SG,Jalen Suggs (21590956),Jalen Suggs,21590956,PG/SG/G/UTIL,5800,PHX@ORL 03/08/2022 07:00PM ET,ORL,26.16
SF/PF,Lauri Markkanen (21590962),Lauri Markkanen,21590962,SF/PF/F/UTIL,5700,CLE@IND 03/08/2022 07:00PM ET,CLE,26.07
SF/PF,Oshae Brissett (21590966),Oshae Brissett,21590966,SF/PF/F/UTIL,5700,CLE@IND 03/08/2022 07:00PM ET,IND,17.56
SF,Gordon Hayward (21590970),Gordon Hayward,21590970,SF/F/UTIL,5600,BKN@CHA 03/08/2022 07:00PM ET,CHA,30.18
PF/C,Jalen Smith (21590973),Jalen Smith,21590973,PF/C/F/UTIL,5600,CLE@IND 03/08/2022 07:00PM ET,IND,17.53
SF/PF,Aleksej Pokusevski (21590977),Aleksej Pokusevski,21590977,SF/PF/F/UTIL,5600,MIL@OKC 03/08/2022 08:00PM ET,OKC,16.45
C,Myles Turner (21590981),Myles Turner,21590981,C/UTIL,5500,CLE@IND 03/08/2022 07:00PM ET,IND,30.62
PG/SG,Tre Mann (21590983),Tre Mann,21590983,PG/SG/G/UTIL,5500,MIL@OKC 03/08/2022 08:00PM ET,OKC,16.44
PF,Darius Bazley (21590987),Darius Bazley,21590987,PF/F/UTIL,5500,MIL@OKC 03/08/2022 08:00PM ET,OKC,23.86
C,Mo Bamba (21590990),Mo Bamba,21590990,C/UTIL,5500,PHX@ORL 03/08/2022 07:00PM ET,ORL,26.95
PF/C,PJ Washington (21590992),PJ Washington,21590992,PF/C/F/UTIL,5400,BKN@CHA 03/08/2022 07:00PM ET,CHA,23.78
SF/PF,Cameron Johnson (21590996),Cameron Johnson,21590996,SF/PF/F/UTIL,5400,PHX@ORL 03/08/2022 07:00PM ET,PHX,23.34
C,Montrezl Harrell (21591006),Montrezl Harrell,21591006,C/UTIL,5300,BKN@CHA 03/08/2022 07:00PM ET,CHA,27.41
SF,Bruce Brown (21591008),Bruce Brown,21591008,SF/F/UTIL,5300,BKN@CHA 03/08/2022 07:00PM ET,BKN,18.26
SG/SF,Seth Curry (21591018),Seth Curry,21591018,SG/SF/F/G/UTIL,5300,BKN@CHA 03/08/2022 07:00PM ET,BKN,27.51
PG/SG,Jordan Poole (21591002),Jordan Poole,21591002,PG/SG/G/UTIL,5300,LAC@GSW 03/08/2022 10:00PM ET,GSW,27.93
C,Isaiah Roby (21591000),Isaiah Roby,21591000,C/UTIL,5300,MIL@OKC 03/08/2022 08:00PM ET,OKC,17.82
PG,Cameron Payne (21591011),Cameron Payne,21591011,PG/G/UTIL,5300,PHX@ORL 03/08/2022 07:00PM ET,PHX,21.84
SF/PF,Chuma Okeke (21591014),Chuma Okeke,21591014,SF/PF/F/UTIL,5300,PHX@ORL 03/08/2022 07:00PM ET,ORL,21.71
C,Isaiah Hartenstein (21591036),Isaiah Hartenstein,21591036,C/UTIL,5100,LAC@GSW 03/08/2022 10:00PM ET,LAC,19.56
PF/C,Isaiah Jackson (21591023),Isaiah Jackson,21591023,PF/C/F/UTIL,5100,CLE@IND 03/08/2022 07:00PM ET,IND,15.02
SG/SF,Chris Duarte (21591027),Chris Duarte,21591027,SG/SF/F/G/UTIL,5100,CLE@IND 03/08/2022 07:00PM ET,IND,24.10
SF/PF,Jae Crowder (21591032),Jae Crowder,21591032,SF/PF/F/UTIL,5100,PHX@ORL 03/08/2022 07:00PM ET,PHX,22.94
SG,Dillon Brooks (21591038),Dillon Brooks,21591038,SG/G/UTIL,5000,NOP@MEM 03/08/2022 07:30PM ET,MEM,29.46
PF/C,Jaxson Hayes (21591041),Jaxson Hayes,21591041,PF/C/F/UTIL,5000,NOP@MEM 03/08/2022 07:30PM ET,NOP,16.83
PG/SG,De'Anthony Melton (21591045),De'Anthony Melton,21591045,PG/SG/G/UTIL,4800,NOP@MEM 03/08/2022 07:30PM ET,MEM,23.99
C,Mason Plumlee (21591049),Mason Plumlee,21591049,C/UTIL,4700,BKN@CHA 03/08/2022 07:00PM ET,CHA,23.73
PG,Brandon Goodwin (21591053),Brandon Goodwin,21591053,PG/G/UTIL,4700,CLE@IND 03/08/2022 07:00PM ET,CLE,16.33
C,Larry Nance Jr. (21591051),Larry Nance Jr.,21591051,C/UTIL,4700,NOP@MEM 03/08/2022 07:30PM ET,NOP,19.56
PF/C,Robert Covington (21591056),Robert Covington,21591056,PF/C/F/UTIL,4600,LAC@GSW 03/08/2022 10:00PM ET,LAC,22.64
PG,Rajon Rondo (21591064),Rajon Rondo,21591064,PG/G/UTIL,4600,CLE@IND 03/08/2022 07:00PM ET,CLE,16.58
SF/PF,Herbert Jones (21591060),Herbert Jones,21591060,SF/PF/F/UTIL,4600,NOP@MEM 03/08/2022 07:30PM ET,NOP,22.04
C,LaMarcus Aldridge (21591080),LaMarcus Aldridge,21591080,C/UTIL,4500,BKN@CHA 03/08/2022 07:00PM ET,BKN,24.28
SG/SF,Cedi Osman (21591075),Cedi Osman,21591075,SG/SF/F/G/UTIL,4500,CLE@IND 03/08/2022 07:00PM ET,CLE,19.88
SF/PF,Kyle Anderson (21591071),Kyle Anderson,21591071,SF/PF/F/UTIL,4500,NOP@MEM 03/08/2022 07:30PM ET,MEM,21.49
PF/C,Frank Kaminsky (21591067),Frank Kaminsky,21591067,PF/C/F/UTIL,4500,PHX@ORL 03/08/2022 07:00PM ET,PHX,21.75
SF/PF,Otto Porter Jr. (21591082),Otto Porter Jr.,21591082,SF/PF/F/UTIL,4400,LAC@GSW 03/08/2022 10:00PM ET,GSW,20.79
C,Kevon Looney (21591089),Kevon Looney,21591089,C/UTIL,4300,LAC@GSW 03/08/2022 10:00PM ET,GSW,21.01
SG/SF,Isaac Okoro (21591095),Isaac Okoro,21591095,SG/SF/F/G/UTIL,4300,CLE@IND 03/08/2022 07:00PM ET,CLE,17.66
PF/C,Brandon Clarke (21591091),Brandon Clarke,21591091,PF/C/F/UTIL,4300,NOP@MEM 03/08/2022 07:30PM ET,MEM,22.11
PG,Markelle Fultz (21591086),Markelle Fultz,21591086,PG/G/UTIL,4300,PHX@ORL 03/08/2022 07:00PM ET,ORL,17.92
PF,Jonathan Kuminga (21591100),Jonathan Kuminga,21591100,PF/F/UTIL,4200,LAC@GSW 03/08/2022 10:00PM ET,GSW,14.63
PG/SF,Lance Stephenson (21591107),Lance Stephenson,21591107,PG/SF/F/G/UTIL,4200,CLE@IND 03/08/2022 07:00PM ET,IND,17.77
SF/PF,Kenrich Williams (21591103),Kenrich Williams,21591103,SF/PF/F/UTIL,4200,MIL@OKC 03/08/2022 08:00PM ET,OKC,18.48
PG,T.J. McConnell (21591112),T.J. McConnell,21591112,PG/G/UTIL,4100,CLE@IND 03/08/2022 07:00PM ET,IND,22.19
PG/SG,Gary Payton II (21591115),Gary Payton II,21591115,PG/SG/G/UTIL,4000,LAC@GSW 03/08/2022 10:00PM ET,GSW,16.04
PG/SG,Luke Kennard (21591121),Luke Kennard,21591121,PG/SG/G/UTIL,4000,LAC@GSW 03/08/2022 10:00PM ET,LAC,21.50
C,Brook Lopez (21591119),Brook Lopez,21591119,C/UTIL,4000,MIL@OKC 03/08/2022 08:00PM ET,MIL,23.25
PG/SG,Aaron Holiday (21591125),Aaron Holiday,21591125,PG/SG/G/UTIL,4000,PHX@ORL 03/08/2022 07:00PM ET,PHX,13.38
PG,Goran Dragic (21591131),Goran Dragic,21591131,PG/G/UTIL,3900,BKN@CHA 03/08/2022 07:00PM ET,BKN,16.78
C,James Wiseman (21591129),James Wiseman,21591129,C/UTIL,3900,LAC@GSW 03/08/2022 10:00PM ET,GSW,0
PF/C,Torrey Craig (21591134),Torrey Craig,21591134,PF/C/F/UTIL,3900,PHX@ORL 03/08/2022 07:00PM ET,PHX,14.77
PF,James Johnson (21591144),James Johnson,21591144,PF/F/UTIL,3800,BKN@CHA 03/08/2022 07:00PM ET,BKN,15.16
C,Goga Bitadze (21591142),Goga Bitadze,21591142,C/UTIL,3800,CLE@IND 03/08/2022 07:00PM ET,IND,11.67
PG/SG,R.J. Hampton (21591138),R.J. Hampton,21591138,PG/SG/G/UTIL,3800,PHX@ORL 03/08/2022 07:00PM ET,ORL,16.08
PG/SG,Patty Mills (21591161),Patty Mills,21591161,PG/SG/G/UTIL,3700,BKN@CHA 03/08/2022 07:00PM ET,BKN,21.84
PF/C,Nicolas Batum (21591157),Nicolas Batum,21591157,PF/C/F/UTIL,3700,LAC@GSW 03/08/2022 10:00PM ET,LAC,20.04
PG,Devonte' Graham (21591147),Devonte' Graham,21591147,PG/G/UTIL,3700,NOP@MEM 03/08/2022 07:30PM ET,NOP,24.96
C,Guillermo Hernangomez (21591150),Guillermo Hernangomez,21591150,C/UTIL,3700,NOP@MEM 03/08/2022 07:30PM ET,NOP,20.75
SG/SF,Landry Shamet (21591152),Landry Shamet,21591152,SG/SF/F/G/UTIL,3700,PHX@ORL 03/08/2022 07:00PM ET,PHX,14.06
SG,Joe Harris (21591165),Joe Harris,21591165,SG/G/UTIL,3600,BKN@CHA 03/08/2022 07:00PM ET,BKN,20.11
SG/SF,Cameron Thomas (21591180),Cameron Thomas,21591180,SG/SF/F/G/UTIL,3600,BKN@CHA 03/08/2022 07:00PM ET,BKN,16.23
SG/SF,Amir Coffey (21591173),Amir Coffey,21591173,SG/SF/F/G/UTIL,3600,LAC@GSW 03/08/2022 10:00PM ET,LAC,16.74
C,Juan Toscano-Anderson (21591178),Juan Toscano-Anderson,21591178,C/UTIL,3600,LAC@GSW 03/08/2022 10:00PM ET,GSW,12.22
SG/SF,Grayson Allen (21591168),Grayson Allen,21591168,SG/SF/F/G/UTIL,3600,MIL@OKC 03/08/2022 08:00PM ET,MIL,20.82
SG/SF,Cody Martin (21591188),Cody Martin,21591188,SG/SF/F/G/UTIL,3500,BKN@CHA 03/08/2022 07:00PM ET,CHA,20.5
PF/C,Terry Taylor (21591202),Terry Taylor,21591202,PF/C/F/UTIL,3500,CLE@IND 03/08/2022 07:00PM ET,IND,17.82
PG,Tyus Jones (21591185),Tyus Jones,21591185,PG/G/UTIL,3500,NOP@MEM 03/08/2022 07:30PM ET,MEM,19.30
PG/SG,Garrett Temple (21591198),Garrett Temple,21591198,PG/SG/G/UTIL,3500,NOP@MEM 03/08/2022 07:30PM ET,NOP,12.90
PG,Michael Carter-Williams (21591193),Michael Carter-Williams,21591193,PG/G/UTIL,3500,PHX@ORL 03/08/2022 07:00PM ET,ORL,0
C,JaVale McGee (21591196),JaVale McGee,21591196,C/UTIL,3500,PHX@ORL 03/08/2022 07:00PM ET,PHX,21.04
SF/PF,Jalen McDaniels (21591211),Jalen McDaniels,21591211,SF/PF/F/UTIL,3400,BKN@CHA 03/08/2022 07:00PM ET,CHA,14.51
SG/SF,Damion Lee (21591206),Damion Lee,21591206,SG/SF/F/G/UTIL,3400,LAC@GSW 03/08/2022 10:00PM ET,GSW,15.24
SF,Naji Marshall (21591217),Naji Marshall,21591217,SF/F/UTIL,3400,NOP@MEM 03/08/2022 07:30PM ET,NOP,9.38
C,Olivier Sarr (21591215),Olivier Sarr,21591215,C/UTIL,3400,MIL@OKC 03/08/2022 08:00PM ET,OKC,11.78
PF/C,Serge Ibaka (21591220),Serge Ibaka,21591220,PF/C/F/UTIL,3400,MIL@OKC 03/08/2022 08:00PM ET,MIL,15.42
SG/SF,Gary Harris (21591224),Gary Harris,21591224,SG/SF/F/G/UTIL,3400,PHX@ORL 03/08/2022 07:00PM ET,ORL,19.13
PF,JT Thor (21591255),JT Thor,21591255,PF/F/UTIL,3300,BKN@CHA 03/08/2022 07:00PM ET,CHA,7.21
PF/C,Blake Griffin (21591265),Blake Griffin,21591265,PF/C/F/UTIL,3300,BKN@CHA 03/08/2022 07:00PM ET,BKN,16.38
PG,Chris Chiozza (21591258),Chris Chiozza,21591258,PG/G/UTIL,3300,LAC@GSW 03/08/2022 10:00PM ET,GSW,7.32
SG,Duane Washington Jr. (21591252),Duane Washington Jr.,21591252,SG/G/UTIL,3300,CLE@IND 03/08/2022 07:00PM ET,IND,14.83
SF/PF,Dean Wade (21591261),Dean Wade,21591261,SF/PF/F/UTIL,3300,CLE@IND 03/08/2022 07:00PM ET,CLE,12.10
SF/PF,Tony Snell (21591237),Tony Snell,21591237,SF/PF/F/UTIL,3300,NOP@MEM 03/08/2022 07:30PM ET,NOP,8.11
PG,Theo Maledon (21591229),Theo Maledon,21591229,PG/G/UTIL,3300,MIL@OKC 03/08/2022 08:00PM ET,OKC,10.39
SG/SF,Aaron Wiggins (21591232),Aaron Wiggins,21591232,SG/SF/F/G/UTIL,3300,MIL@OKC 03/08/2022 08:00PM ET,OKC,14.88
PG/SG,Ty Jerome (21591241),Ty Jerome,21591241,PG/SG/G/UTIL,3300,MIL@OKC 03/08/2022 08:00PM ET,OKC,14.16
PG,Jevon Carter (21591249),Jevon Carter,21591249,PG/G/UTIL,3300,MIL@OKC 03/08/2022 08:00PM ET,MIL,8.22
PF/C,Moritz Wagner (21591245),Moritz Wagner,21591245,PF/C/F/UTIL,3300,PHX@ORL 03/08/2022 07:00PM ET,ORL,13.95
PG/SG,James Bouknight (21591289),James Bouknight,21591289,PG/SG/G/UTIL,3200,BKN@CHA 03/08/2022 07:00PM ET,CHA,9.02
C,Nicolas Claxton (21591295),Nicolas Claxton,21591295,C/UTIL,3200,BKN@CHA 03/08/2022 07:00PM ET,BKN,19.1
PF/C,Nemanja Bjelica (21591269),Nemanja Bjelica,21591269,PF/C/F/UTIL,3200,LAC@GSW 03/08/2022 10:00PM ET,GSW,15.36
SG/SF,Moses Moody (21591278),Moses Moody,21591278,SG/SF/F/G/UTIL,3200,LAC@GSW 03/08/2022 10:00PM ET,GSW,7.58
SG,Lamar Stevens (21591283),Lamar Stevens,21591283,SG/G/UTIL,3200,CLE@IND 03/08/2022 07:00PM ET,CLE,9.59
PG,Keifer Sykes (21591302),Keifer Sykes,21591302,PG/G/UTIL,3200,CLE@IND 03/08/2022 07:00PM ET,IND,11.74
PG,Jose Alvarado (21591286),Jose Alvarado,21591286,PG/G/UTIL,3200,NOP@MEM 03/08/2022 07:30PM ET,NOP,12.29
PF/C,Santi Aldama (21591305),Santi Aldama,21591305,PF/C/F/UTIL,3200,NOP@MEM 03/08/2022 07:30PM ET,MEM,7.70
C,Derrick Favors (21591293),Derrick Favors,21591293,C/UTIL,3200,MIL@OKC 03/08/2022 08:00PM ET,OKC,13.58
SG/SF,Wesley Matthews (21591297),Wesley Matthews,21591297,SG/SF/F/G/UTIL,3200,MIL@OKC 03/08/2022 08:00PM ET,MIL,9.81
SG/SF,Terrence Ross (21591273),Terrence Ross,21591273,SG/SF/F/G/UTIL,3200,PHX@ORL 03/08/2022 07:00PM ET,ORL,17.67
SF/PF,Arnoldas Kulboka (21591311),Arnoldas Kulboka,21591311,SF/PF/F/UTIL,3100,BKN@CHA 03/08/2022 07:00PM ET,CHA,0
PF,Kessler Edwards (21591338),Kessler Edwards,21591338,PF/F/UTIL,3100,BKN@CHA 03/08/2022 07:00PM ET,BKN,14.95
PG,Quinndary Weatherspoon (21591320),Quinndary Weatherspoon,21591320,PG/G/UTIL,3100,LAC@GSW 03/08/2022 10:00PM ET,GSW,7.08
PG/SG,Brandon Boston Jr. (21591329),Brandon Boston Jr.,21591329,PG/SG/G/UTIL,3100,LAC@GSW 03/08/2022 10:00PM ET,LAC,12.14
C,Ed Davis (21591309),Ed Davis,21591309,C/UTIL,3100,CLE@IND 03/08/2022 07:00PM ET,CLE,5.46
SG/SF,Ziaire Williams (21591315),Ziaire Williams,21591315,SG/SF/F/G/UTIL,3100,NOP@MEM 03/08/2022 07:30PM ET,MEM,12.62
PF,Gary Clark (21591323),Gary Clark,21591323,PF/F/UTIL,3100,NOP@MEM 03/08/2022 07:30PM ET,NOP,7.55
PF,Jordan Nwora (21591326),Jordan Nwora,21591326,PF/F/UTIL,3100,MIL@OKC 03/08/2022 08:00PM ET,MIL,15.62
SF,Lindy Waters III (21591335),Lindy Waters III,21591335,SF/F/UTIL,3100,MIL@OKC 03/08/2022 08:00PM ET,OKC,9.36
C,Robin Lopez (21591333),Robin Lopez,21591333,C/UTIL,3100,PHX@ORL 03/08/2022 07:00PM ET,ORL,15.33
PG,Isaiah Thomas (21591341),Isaiah Thomas,21591341,PG/G/UTIL,3000,BKN@CHA 03/08/2022 07:00PM ET,CHA,16.12
C,Kai Jones (21591412),Kai Jones,21591412,C/UTIL,3000,BKN@CHA 03/08/2022 07:00PM ET,CHA,2
SG,Scottie Lewis (21591414),Scottie Lewis,21591414,SG/G/UTIL,3000,BKN@CHA 03/08/2022 07:00PM ET,CHA,2.25
PG/SG,Jalen Crutcher (21591417),Jalen Crutcher,21591417,PG/SG/G/UTIL,3000,BKN@CHA 03/08/2022 07:00PM ET,CHA,0
C,Nick Richards (21591421),Nick Richards,21591421,C/UTIL,3000,BKN@CHA 03/08/2022 07:00PM ET,CHA,7.31
SG,LiAngelo Ball (21591423),LiAngelo Ball,21591423,SG/G/UTIL,3000,BKN@CHA 03/08/2022 07:00PM ET,CHA,0
PG/SG,D.J. Carton (21591426),D.J. Carton,21591426,PG/SG/G/UTIL,3000,BKN@CHA 03/08/2022 07:00PM ET,CHA,0
PG/SF,David Duke Jr. (21591626),David Duke Jr.,21591626,PG/SF/F/G/UTIL,3000,BKN@CHA 03/08/2022 07:00PM ET,BKN,12.30
PG,Marcus Zegarowski (21591631),Marcus Zegarowski,21591631,PG/G/UTIL,3000,BKN@CHA 03/08/2022 07:00PM ET,BKN,0
C,Day'Ron Sharpe (21591634),Day'Ron Sharpe,21591634,C/UTIL,3000,BKN@CHA 03/08/2022 07:00PM ET,BKN,14.45
PG,Edmond Sumner (21591636),Edmond Sumner,21591636,PG/G/UTIL,3000,BKN@CHA 03/08/2022 07:00PM ET,BKN,0
SG,Jordan Bowden (21591639),Jordan Bowden,21591639,SG/G/UTIL,3000,BKN@CHA 03/08/2022 07:00PM ET,BKN,0
PG/SG,Brandon Rachal (21591642),Brandon Rachal,21591642,PG/SG/G/UTIL,3000,BKN@CHA 03/08/2022 07:00PM ET,BKN,0
C,Nikola Milutinov (21591646),Nikola Milutinov,21591646,C/UTIL,3000,BKN@CHA 03/08/2022 07:00PM ET,BKN,0
SG,Elijah Millsap (21591648),Elijah Millsap,21591648,SG/G/UTIL,3000,BKN@CHA 03/08/2022 07:00PM ET,BKN,0
PG,Josh Gray (21591651),Josh Gray,21591651,PG/G/UTIL,3000,BKN@CHA 03/08/2022 07:00PM ET,BKN,0
PF,RaiQuan Gray (21591654),RaiQuan Gray,21591654,PF/F/UTIL,3000,BKN@CHA 03/08/2022 07:00PM ET,BKN,0
PG,Bryce Brown (21591657),Bryce Brown,21591657,PG/G/UTIL,3000,BKN@CHA 03/08/2022 07:00PM ET,BKN,0
PF,Alen Smailagic (21591579),Alen Smailagic,21591579,PF/F/UTIL,3000,LAC@GSW 03/08/2022 10:00PM ET,GSW,0
SG/SF,LJ Figueroa (21591582),LJ Figueroa,21591582,SG/SF/F/G/UTIL,3000,LAC@GSW 03/08/2022 10:00PM ET,GSW,0
PG,Nico Mannion (21591587),Nico Mannion,21591587,PG/G/UTIL,3000,LAC@GSW 03/08/2022 10:00PM ET,GSW,0
SF,Andre Iguodala (21591590),Andre Iguodala,21591590,SF/F/UTIL,3000,LAC@GSW 03/08/2022 10:00PM ET,GSW,17.10
SF,Axel Toupane (21591593),Axel Toupane,21591593,SF/F/UTIL,3000,LAC@GSW 03/08/2022 10:00PM ET,GSW,0
SG/SF,Rodney Hood (21591744),Rodney Hood,21591744,SG/SF/F/G/UTIL,3000,LAC@GSW 03/08/2022 10:00PM ET,LAC,7.01
PF,Harry Giles III (21591749),Harry Giles III,21591749,PF/F/UTIL,3000,LAC@GSW 03/08/2022 10:00PM ET,LAC,0
PG,Yogi Ferrell (21591752),Yogi Ferrell,21591752,PG/G/UTIL,3000,LAC@GSW 03/08/2022 10:00PM ET,LAC,0
PF,Semi Ojeleye (21591755),Semi Ojeleye,21591755,PF/F/UTIL,3000,LAC@GSW 03/08/2022 10:00PM ET,LAC,7.04
SG,Xavier Moon (21591758),Xavier Moon,21591758,SG/G/UTIL,3000,LAC@GSW 03/08/2022 10:00PM ET,LAC,11.88
PG,Jason Preston (21591761),Jason Preston,21591761,PG/G/UTIL,3000,LAC@GSW 03/08/2022 10:00PM ET,LAC,0
SG,Jay Scrubb (21591764),Jay Scrubb,21591764,SG/G/UTIL,3000,LAC@GSW 03/08/2022 10:00PM ET,LAC,5.25
C,Amida Brimah (21591387),Amida Brimah,21591387,C/UTIL,3000,CLE@IND 03/08/2022 07:00PM ET,IND,0
SG,Nate Hinton (21591389),Nate Hinton,21591389,SG/G/UTIL,3000,CLE@IND 03/08/2022 07:00PM ET,IND,-0.25
SF/PF,T.J. Warren (21591392),T.J. Warren,21591392,SF/PF/F/UTIL,3000,CLE@IND 03/08/2022 07:00PM ET,IND,0
SF,Juan Pablo Vaulet (21591396),Juan Pablo Vaulet,21591396,SF/F/UTIL,3000,CLE@IND 03/08/2022 07:00PM ET,IND,0
PG/SG,Justin Anderson (21591399),Justin Anderson,21591399,PG/SG/G/UTIL,3000,CLE@IND 03/08/2022 07:00PM ET,IND,8.83
SG,Ahmad Caver (21591403),Ahmad Caver,21591403,SG/G/UTIL,3000,CLE@IND 03/08/2022 07:00PM ET,IND,2
PG,Ricky Rubio (21591406),Ricky Rubio,21591406,PG/G/UTIL,3000,CLE@IND 03/08/2022 07:00PM ET,IND,31.26
PF,Reggie Perry (21591409),Reggie Perry,21591409,PF/F/UTIL,3000,CLE@IND 03/08/2022 07:00PM ET,IND,9.33
PG,RJ Nembhard (21591596),RJ Nembhard,21591596,PG/G/UTIL,3000,CLE@IND 03/08/2022 07:00PM ET,CLE,3.72
C,Anderson Varejao (21591599),Anderson Varejao,21591599,C/UTIL,3000,CLE@IND 03/08/2022 07:00PM ET,CLE,0
C,Tacko Fall (21591601),Tacko Fall,21591601,C/UTIL,3000,CLE@IND 03/08/2022 07:00PM ET,CLE,4.93
PG/SG,Mitch Ballock (21591603),Mitch Ballock,21591603,PG/SG/G/UTIL,3000,CLE@IND 03/08/2022 07:00PM ET,CLE,0
PG,Malik Newman (21591607),Malik Newman,21591607,PG/G/UTIL,3000,CLE@IND 03/08/2022 07:00PM ET,CLE,10.25
SG,Dylan Windler (21591610),Dylan Windler,21591610,SG/G/UTIL,3000,CLE@IND 03/08/2022 07:00PM ET,CLE,6.25
PG,Kevin Pangos (21591613),Kevin Pangos,21591613,PG/G/UTIL,3000,CLE@IND 03/08/2022 07:00PM ET,CLE,4.30
PG,Tim Frazier (21591616),Tim Frazier,21591616,PG/G/UTIL,3000,CLE@IND 03/08/2022 07:00PM ET,CLE,9.77
SF/PF,Tre Scott (21591619),Tre Scott,21591619,SF/PF/F/UTIL,3000,CLE@IND 03/08/2022 07:00PM ET,CLE,6.25
PG,Collin Sexton (21591623),Collin Sexton,21591623,PG/G/UTIL,3000,CLE@IND 03/08/2022 07:00PM ET,CLE,24.14
C,Marc Gasol (21591344),Marc Gasol,21591344,C/UTIL,3000,NOP@MEM 03/08/2022 07:30PM ET,MEM,0
SG,Miye Oni (21591358),Miye Oni,21591358,SG/G/UTIL,3000,NOP@MEM 03/08/2022 07:30PM ET,NOP,1.33
SG,Sean McDermott (21591474),Sean McDermott,21591474,SG/G/UTIL,3000,NOP@MEM 03/08/2022 07:30PM ET,MEM,0
PG,Kris Dunn (21591477),Kris Dunn,21591477,PG/G/UTIL,3000,NOP@MEM 03/08/2022 07:30PM ET,MEM,0
C,Xavier Tillman (21591480),Xavier Tillman,21591480,C/UTIL,3000,NOP@MEM 03/08/2022 07:30PM ET,MEM,11.93
PG,Shaq Buchanan (21591482),Shaq Buchanan,21591482,PG/G/UTIL,3000,NOP@MEM 03/08/2022 07:30PM ET,MEM,4.25
PG/SG,Tyrell Terry (21591485),Tyrell Terry,21591485,PG/SG/G/UTIL,3000,NOP@MEM 03/08/2022 07:30PM ET,MEM,1
SF/PF,Matthew Hurt (21591489),Matthew Hurt,21591489,SF/PF/F/UTIL,3000,NOP@MEM 03/08/2022 07:30PM ET,MEM,0
SG,DaQuan Jeffries (21591493),DaQuan Jeffries,21591493,SG/G/UTIL,3000,NOP@MEM 03/08/2022 07:30PM ET,MEM,2
SG/SF,John Konchar (21591496),John Konchar,21591496,SG/SF/F/G/UTIL,3000,NOP@MEM 03/08/2022 07:30PM ET,MEM,14.33
C,Jon Teske (21591501),Jon Teske,21591501,C/UTIL,3000,NOP@MEM 03/08/2022 07:30PM ET,MEM,2
PG/SG,Sam Merrill (21591503),Sam Merrill,21591503,PG/SG/G/UTIL,3000,NOP@MEM 03/08/2022 07:30PM ET,MEM,7.04
SF/PF,Romeo Weems (21591507),Romeo Weems,21591507,SF/PF/F/UTIL,3000,NOP@MEM 03/08/2022 07:30PM ET,MEM,0
PF/C,Killian Tillie (21591511),Killian Tillie,21591511,PF/C/F/UTIL,3000,NOP@MEM 03/08/2022 07:30PM ET,MEM,8.94
SF,Yves Pons (21591515),Yves Pons,21591515,SF/F/UTIL,3000,NOP@MEM 03/08/2022 07:30PM ET,MEM,1.39
PG,Dakota Mathias (21591518),Dakota Mathias,21591518,PG/G/UTIL,3000,NOP@MEM 03/08/2022 07:30PM ET,MEM,2.17
PG,David Stockton (21591521),David Stockton,21591521,PG/G/UTIL,3000,NOP@MEM 03/08/2022 07:30PM ET,MEM,0
SG/SF,Jarrett Culver (21591524),Jarrett Culver,21591524,SG/SF/F/G/UTIL,3000,NOP@MEM 03/08/2022 07:30PM ET,MEM,8.08
PG,Carsen Edwards (21591529),Carsen Edwards,21591529,PG/G/UTIL,3000,NOP@MEM 03/08/2022 07:30PM ET,MEM,0
SG,Shaquille Harrison (21591532),Shaquille Harrison,21591532,SG/G/UTIL,3000,NOP@MEM 03/08/2022 07:30PM ET,MEM,8.25
PG,Jared Harper (21591685),Jared Harper,21591685,PG/G/UTIL,3000,NOP@MEM 03/08/2022 07:30PM ET,NOP,7.38
SG,Justin James (21591688),Justin James,21591688,SG/G/UTIL,3000,NOP@MEM 03/08/2022 07:30PM ET,NOP,0
SF,James Nunnally (21591691),James Nunnally,21591691,SF/F/UTIL,3000,NOP@MEM 03/08/2022 07:30PM ET,NOP,0
PF,Zylan Cheatham (21591694),Zylan Cheatham,21591694,PF/F/UTIL,3000,NOP@MEM 03/08/2022 07:30PM ET,NOP,0
C,Alize Johnson (21591697),Alize Johnson,21591697,C/UTIL,3000,NOP@MEM 03/08/2022 07:30PM ET,NOP,5.58
SF/PF,Feron Hunt (21591699),Feron Hunt,21591699,SF/PF/F/UTIL,3000,NOP@MEM 03/08/2022 07:30PM ET,NOP,0
SF,Trey Murphy III (21591703),Trey Murphy III,21591703,SF/F/UTIL,3000,NOP@MEM 03/08/2022 07:30PM ET,NOP,8.14
PF,Anthony Tolliver (21591706),Anthony Tolliver,21591706,PF/F/UTIL,3000,NOP@MEM 03/08/2022 07:30PM ET,NOP,0
PF/C,James Banks III (21591709),James Banks III,21591709,PF/C/F/UTIL,3000,NOP@MEM 03/08/2022 07:30PM ET,NOP,0
SF,Daulton Hommes (21591713),Daulton Hommes,21591713,SF/F/UTIL,3000,NOP@MEM 03/08/2022 07:30PM ET,NOP,0
PG/SG,John Petty Jr. (21591716),John Petty Jr.,21591716,PG/SG/G/UTIL,3000,NOP@MEM 03/08/2022 07:30PM ET,NOP,0
PG/SG,Kira Lewis Jr. (21591720),Kira Lewis Jr.,21591720,PG/SG/G/UTIL,3000,NOP@MEM 03/08/2022 07:30PM ET,NOP,11.70
SG/SF,DeAndre' Bembry (21591361),DeAndre' Bembry,21591361,SG/SF/F/G/UTIL,3000,MIL@OKC 03/08/2022 08:00PM ET,MIL,13.53
PG,Jeff Teague (21591366),Jeff Teague,21591366,PG/G/UTIL,3000,MIL@OKC 03/08/2022 08:00PM ET,MIL,0
PG,Lindell Wigginton (21591369),Lindell Wigginton,21591369,PG/G/UTIL,3000,MIL@OKC 03/08/2022 08:00PM ET,MIL,6.11
PG,Jeff Dowtin (21591372),Jeff Dowtin,21591372,PG/G/UTIL,3000,MIL@OKC 03/08/2022 08:00PM ET,MIL,4.15
PF,Johnny O'Bryant III (21591375),Johnny O'Bryant III,21591375,PF/F/UTIL,3000,MIL@OKC 03/08/2022 08:00PM ET,MIL,0
PG,George Hill (21591378),George Hill,21591378,PG/G/UTIL,3000,MIL@OKC 03/08/2022 08:00PM ET,MIL,16.70
PF/C,Sandro Mamukelashvili (21591381),Sandro Mamukelashvili,21591381,PF/C/F/UTIL,3000,MIL@OKC 03/08/2022 08:00PM ET,MIL,6.81
C,Greg Monroe (21591385),Greg Monroe,21591385,C/UTIL,3000,MIL@OKC 03/08/2022 08:00PM ET,MIL,16.27
PG/SG,Rob Edwards (21591535),Rob Edwards,21591535,PG/SG/G/UTIL,3000,MIL@OKC 03/08/2022 08:00PM ET,OKC,3.38
PG/SG,Justin Jaworski (21591539),Justin Jaworski,21591539,PG/SG/G/UTIL,3000,MIL@OKC 03/08/2022 08:00PM ET,OKC,0
PG/SG,Vit Krejci (21591543),Vit Krejci,21591543,PG/SG/G/UTIL,3000,MIL@OKC 03/08/2022 08:00PM ET,OKC,7.25
SF/PF,Mamadi Diakite (21591547),Mamadi Diakite,21591547,SF/PF/F/UTIL,3000,MIL@OKC 03/08/2022 08:00PM ET,OKC,12.10
PG/SG,Zavier Simpson (21591551),Zavier Simpson,21591551,PG/SG/G/UTIL,3000,MIL@OKC 03/08/2022 08:00PM ET,OKC,0
SG,Scotty Hopson (21591555),Scotty Hopson,21591555,SG/G/UTIL,3000,MIL@OKC 03/08/2022 08:00PM ET,OKC,5.75
SF,Paul Watson (21591558),Paul Watson,21591558,SF/F/UTIL,3000,MIL@OKC 03/08/2022 08:00PM ET,OKC,9.97
SF,Melvin Frazier Jr. (21591561),Melvin Frazier Jr.,21591561,SF/F/UTIL,3000,MIL@OKC 03/08/2022 08:00PM ET,OKC,0
SF,KZ Okpala (21591564),KZ Okpala,21591564,SF/F/UTIL,3000,MIL@OKC 03/08/2022 08:00PM ET,OKC,8.25
C,Mike Muscala (21591567),Mike Muscala,21591567,C/UTIL,3000,MIL@OKC 03/08/2022 08:00PM ET,OKC,15.22
PF/C,Jeremiah Robinson-Earl (21591569),Jeremiah Robinson-Earl,21591569,PF/C/F/UTIL,3000,MIL@OKC 03/08/2022 08:00PM ET,OKC,18.03
PF,Jaylen Hoard (21591573),Jaylen Hoard,21591573,PF/F/UTIL,3000,MIL@OKC 03/08/2022 08:00PM ET,OKC,2.5
SF,Gabriel Deck (21591576),Gabriel Deck,21591576,SF/F/UTIL,3000,MIL@OKC 03/08/2022 08:00PM ET,OKC,5
PG,Jalen Lecque (21591724),Jalen Lecque,21591724,PG/G/UTIL,3000,MIL@OKC 03/08/2022 08:00PM ET,MIL,0
C,Javin DeLaurier (21591727),Javin DeLaurier,21591727,C/UTIL,3000,MIL@OKC 03/08/2022 08:00PM ET,MIL,3.25
SF,Georgios Kalaitzakis (21591729),Georgios Kalaitzakis,21591729,SF/F/UTIL,3000,MIL@OKC 03/08/2022 08:00PM ET,MIL,3.22
PF,Pat Connaughton (21591732),Pat Connaughton,21591732,PF/F/UTIL,3000,MIL@OKC 03/08/2022 08:00PM ET,MIL,20.63
SG,Elijah Bryant (21591735),Elijah Bryant,21591735,SG/G/UTIL,3000,MIL@OKC 03/08/2022 08:00PM ET,MIL,0
SG,Langston Galloway (21591738),Langston Galloway,21591738,SG/G/UTIL,3000,MIL@OKC 03/08/2022 08:00PM ET,MIL,7.79
PF,Thanasis Antetokounmpo (21591741),Thanasis Antetokounmpo,21591741,PF/F/UTIL,3000,MIL@OKC 03/08/2022 08:00PM ET,MIL,7.17
SG,Ty-Shon Alexander (21591346),Ty-Shon Alexander,21591346,SG/G/UTIL,3000,PHX@ORL 03/08/2022 07:00PM ET,PHX,0
PF,Ish Wainright (21591349),Ish Wainright,21591349,PF/F/UTIL,3000,PHX@ORL 03/08/2022 07:00PM ET,PHX,4.65
SF,Justin Jackson (21591352),Justin Jackson,21591352,SF/F/UTIL,3000,PHX@ORL 03/08/2022 07:00PM ET,PHX,3.96
PG,Elfrid Payton (21591355),Elfrid Payton,21591355,PG/G/UTIL,3000,PHX@ORL 03/08/2022 07:00PM ET,PHX,9.58
PF,Aleem Ford (21591430),Aleem Ford,21591430,PF/F/UTIL,3000,PHX@ORL 03/08/2022 07:00PM ET,ORL,7.35
C,Bol Bol (21591433),Bol Bol,21591433,C/UTIL,3000,PHX@ORL 03/08/2022 07:00PM ET,ORL,5.38
SF,B.J. Johnson (21591435),B.J. Johnson,21591435,SF/F/UTIL,3000,PHX@ORL 03/08/2022 07:00PM ET,ORL,12.19
PG,PJ Dozier (21591438),PJ Dozier,21591438,PG/G/UTIL,3000,PHX@ORL 03/08/2022 07:00PM ET,ORL,14.12
PF,Admiral Schofield (21591441),Admiral Schofield,21591441,PF/F/UTIL,3000,PHX@ORL 03/08/2022 07:00PM ET,ORL,6.91
PG/SG,Hassani Gravett (21591444),Hassani Gravett,21591444,PG/SG/G/UTIL,3000,PHX@ORL 03/08/2022 07:00PM ET,ORL,14.91
PG,Devin Cannady (21591448),Devin Cannady,21591448,PG/G/UTIL,3000,PHX@ORL 03/08/2022 07:00PM ET,ORL,0
SG,E'Twaun Moore (21591451),E'Twaun Moore,21591451,SG/G/UTIL,3000,PHX@ORL 03/08/2022 07:00PM ET,ORL,0
C,Jonathan Isaac (21591454),Jonathan Isaac,21591454,C/UTIL,3000,PHX@ORL 03/08/2022 07:00PM ET,ORL,0
PG,Mychal Mulder (21591456),Mychal Mulder,21591456,PG/G/UTIL,3000,PHX@ORL 03/08/2022 07:00PM ET,ORL,6.55
SG,Sindarius Thornwell (21591459),Sindarius Thornwell,21591459,SG/G/UTIL,3000,PHX@ORL 03/08/2022 07:00PM ET,ORL,0
SF/PF,Jeremiah Tilmon (21591462),Jeremiah Tilmon,21591462,SF/PF/F/UTIL,3000,PHX@ORL 03/08/2022 07:00PM ET,ORL,0
SF/PF,Freddie Gillespie (21591466),Freddie Gillespie,21591466,SF/PF/F/UTIL,3000,PHX@ORL 03/08/2022 07:00PM ET,ORL,10.56
SF/PF,Ignas Brazdeikis (21591470),Ignas Brazdeikis,21591470,SF/PF/F/UTIL,3000,PHX@ORL 03/08/2022 07:00PM ET,ORL,6.41
SF,Paris Bass (21591660),Paris Bass,21591660,SF/F/UTIL,3000,PHX@ORL 03/08/2022 07:00PM ET,PHX,6
PF/C,Dario Saric (21591663),Dario Saric,21591663,PF/C/F/UTIL,3000,PHX@ORL 03/08/2022 07:00PM ET,PHX,0
PF,Emanuel Terry (21591667),Emanuel Terry,21591667,PF/F/UTIL,3000,PHX@ORL 03/08/2022 07:00PM ET,PHX,7.08
C,Bismack Biyombo (21591670),Bismack Biyombo,21591670,C/UTIL,3000,PHX@ORL 03/08/2022 07:00PM ET,PHX,17.86
PG,Chasson Randle (21591672),Chasson Randle,21591672,PG/G/UTIL,3000,PHX@ORL 03/08/2022 07:00PM ET,PHX,0
SF,Chandler Hutchison (21591675),Chandler Hutchison,21591675,SF/F/UTIL,3000,PHX@ORL 03/08/2022 07:00PM ET,PHX,1.88
PG/SG,M.J. Walker (21591678),M.J. Walker,21591678,PG/SG/G/UTIL,3000,PHX@ORL 03/08/2022 07:00PM ET,PHX,3.38
PF,Abdel Nader (21591682),Abdel Nader,21591682,PF/F/UTIL,3000,PHX@ORL 03/08/2022 07:00PM ET,PHX,7.05
